SET FOREIGN_KEY_CHECKS = 0;
SET NAMES utf8mb4;

INSERT INTO `authsecurityevents` VALUES (1,'login_failed','admin@perfumissimo.com','127.0.0.1','Mozilla/5.0 (Macintosh; Intel Mac OS X 10_15_7) AppleWebKit/537.36 (KHTML, like Gecko) Chrome/146.0.0.0 Safari/537.36',0,NULL,'2026-03-30 01:38:40');
INSERT INTO `authsecurityevents` VALUES (2,'login_failed','admin@perfumissimo.com','127.0.0.1','Mozilla/5.0 (Macintosh; Intel Mac OS X 10_15_7) AppleWebKit/537.36 (KHTML, like Gecko) Chrome/146.0.0.0 Safari/537.36',0,NULL,'2026-03-30 01:38:50');
INSERT INTO `authsecurityevents` VALUES (3,'login_failed',NULL,'127.0.0.1','Mozilla/5.0 (Macintosh; Intel Mac OS X 10_15_7) AppleWebKit/537.36 (KHTML, like Gecko) Chrome/145.0.0.0 Safari/537.36',0,NULL,'2026-03-30 20:16:14');
INSERT INTO `authsecurityevents` VALUES (4,'login_failed',NULL,'127.0.0.1','Mozilla/5.0 (Macintosh; Intel Mac OS X 10_15_7) AppleWebKit/537.36 (KHTML, like Gecko) Chrome/145.0.0.0 Safari/537.36',0,NULL,'2026-03-30 20:35:40');
INSERT INTO `authsecurityevents` VALUES (5,'login_failed',NULL,'127.0.0.1','Mozilla/5.0 (Macintosh; Intel Mac OS X 10_15_7) AppleWebKit/537.36 (KHTML, like Gecko) Chrome/145.0.0.0 Safari/537.36',0,NULL,'2026-03-30 20:36:23');
INSERT INTO `authsecurityevents` VALUES (6,'login_failed','admin@lujoaroma.com','192.168.65.1','Mozilla/5.0 (Macintosh; Intel Mac OS X 10_15_7) AppleWebKit/537.36 (KHTML, like Gecko) Chrome/145.0.0.0 Safari/537.36',0,NULL,'2026-03-31 16:46:49');
INSERT INTO `authsecurityevents` VALUES (7,'login_failed','admin@perfumissimo.com','192.168.65.1','Mozilla/5.0 (Macintosh; Intel Mac OS X 10_15_7) AppleWebKit/537.36 (KHTML, like Gecko) Chrome/146.0.0.0 Safari/537.36',0,NULL,'2026-03-31 17:26:45');
INSERT INTO `authsecurityevents` VALUES (8,'login_failed','admin@lujoaroma.com','192.168.65.1','Mozilla/5.0 (Macintosh; Intel Mac OS X 10_15_7) AppleWebKit/537.36 (KHTML, like Gecko) Chrome/146.0.0.0 Safari/537.36',0,NULL,'2026-03-31 17:27:00');
INSERT INTO `cartsessions` VALUES ('mnb0liz0-dayj4non',UNHEX(REPLACE('46d9dda6-2ac5-11f1-bde3-66b3d677306e', '-', '')),'[{\"product_id\":\"100035db-54ea-41cd-98f2-6725bb0b6475\",\"name\":\"Lujo & Aroma - Luna Plateada\",\"price\":375000,\"quantity\":2},{\"product_id\":\"5583347a-3e1c-4703-b347-e4c397e06456\",\"name\":\"Lujo & Aroma - Rayo de Sol\",\"price\":310000,\"quantity\":1}]',1060000.00,'OPEN',NULL,'2026-03-29 00:22:16','2026-03-31 17:25:54');
INSERT INTO `cartsessions` VALUES ('mndjva8o-oldpciyd',UNHEX(REPLACE('432d12e6-e056-4e90-a989-323fd4d92516', '-', '')),'[{\"product_id\":\"076fb970-9be6-43ba-8d01-cf00a40b485f\",\"name\":\"Lujo & Aroma - Nuit Mystique\",\"price\":342000,\"quantity\":1}]',342000.00,'OPEN',NULL,'2026-03-30 20:15:58','2026-03-30 21:51:21');
INSERT INTO `cartsessions` VALUES ('mne4qnli-994srygt',UNHEX(REPLACE('46d9dda6-2ac5-11f1-bde3-66b3d677306e', '-', '')),'[]',0.00,'OPEN',NULL,'2026-03-31 04:43:07','2026-03-31 04:57:08');
INSERT INTO `categorias` VALUES (UNHEX(REPLACE('a364869a-bdf3-4961-b4e9-0d3d8ff56015', '-', '')),'buton','buton',1,'2026-03-31 04:49:17');
INSERT INTO `categorias` VALUES (UNHEX(REPLACE('cb6c6bdc-c230-4b23-9aa2-4121a50e5825', '-', '')),'Chanel','chanel',1,'2026-03-30 22:42:28');
INSERT INTO `configuracionglobal` VALUES (1,'Lujo & Aroma','La Esencia del Lujo','#c379ac',1,'ENVÍO GRATIS EN PEDIDOS SUPERIORES .000','/assets/images/hero-premium.png','2026-03-31 18:29:59','https://www.instagram.com/lujoyaromaoficial?igsh=d2VrazJhdHZuNDIz','https://www.facebook.com/share/18QCEgcdLo/','‪+57 321 3383544‬','!Hola¡ Quiero comprar un perfume original que vi en tu pagina web.','Admin123$','https://zivdglmfkvlmylbspjqs.supabase.co/storage/v1/object/public/perfumissimo_bucket/settings/logo/1774829490409_LOGOSTAMANOPERFILFOTO3-696c995d.png',90,100,NULL,NULL,NULL,'ventas@lujo_aromacol.com','Nuestra Boutique','Calle 12 #13-85','Bogotá, Colombia','+57 (300) 123-4567','contacto@lujo_aroma.com',NULL,NULL,NULL,NULL,NULL,NULL,NULL,NULL,'sandbox','',NULL,NULL,NULL,'video','https://zivdglmfkvlmylbspjqs.supabase.co/storage/v1/object/public/perfumissimo_bucket/settings/Perfume_Bottle_Video_In_a_cinematic_style_a_rectan-b6c9632d.mp4',9900.00,9900.00,NULL,NULL,'#C2A878','smtp.hostinger.com',465,1,'tienda@lujo_aromacol.com','Lujo & Aroma <tienda@lujo_aromacol.com>',NULL,NULL,NULL,NULL,20,20,1000000.00,3,30,5,5,24,1,'¡Espera! No te vayas todavía. Completa tu compra ahora y obtén un 15% de descuento exclusivo por tiempo limitado.',15,30,'Aplicar descuento',1,'[{\"headline\":\"Descubre la esencia del lujo\",\"subhead\":\"Perfumes originales seleccionados para marcar presencia.\",\"ctaText\":\"Explorar coleccion\",\"ctaLink\":\"/catalog\",\"mediaType\":\"video\",\"mediaUrl\":\"https://zivdglmfkvlmylbspjqs.supabase.co/storage/v1/object/public/perfumissimo_bucket/settings/home/carousel/1774737613092_1_Perfume_Bottle_Video_In_a_cinematic_style_a_rectan-044f8881.mp4\"},{\"headline\":\"Fragancias originales que definen tu estilo\",\"subhead\":\"Bestsellers y lanzamientos: elige tu firma olfativa.\",\"ctaText\":\"Comprar ahora\",\"ctaLink\":\"/product/076fb970-9be6-43ba-8d01-cf00a40b485f\",\"mediaType\":\"video\",\"mediaUrl\":\"https://zivdglmfkvlmylbspjqs.supabase.co/storage/v1/object/public/perfumissimo_bucket/settings/home/carousel/1774737617237_2_Perfume_Bottle_Video_Z50W1XPP-d354b447.mp4\"},{\"headline\":\"Hasta 20% OFF por tiempo limitado\",\"subhead\":\"Aprovecha ofertas activas antes de que terminen.\",\"ctaText\":\"Aprovechar oferta\",\"ctaLink\":\"/promotion\",\"mediaType\":\"video\",\"mediaUrl\":\"https://zivdglmfkvlmylbspjqs.supabase.co/storage/v1/object/public/perfumissimo_bucket/settings/home/carousel/1774738770305_3_Perfume_Bottle_Video_sfca9r9l-cb67c0e0.mp4\"}]','[{\"title\":\"Para El\",\"subtitle\":\"Fresco. Intenso. Memorables.\",\"emotion\":\"Define tu presencia\",\"link\":\"/catalog?category=hombre\",\"mediaType\":\"video\",\"mediaUrl\":\"https://zivdglmfkvlmylbspjqs.supabase.co/storage/v1/object/public/perfumissimo_bucket/settings/home/categories/1774742176581_1_Luxury_Men_s_Perfume_Product_Video-64e6bb82.mp4\"},{\"title\":\"Para Ella\",\"subtitle\":\"Elegancia que se siente cerca.\",\"emotion\":\"Elegancia femenina\",\"link\":\"/catalog?category=mujer\",\"mediaType\":\"video\",\"mediaUrl\":\"https://zivdglmfkvlmylbspjqs.supabase.co/storage/v1/object/public/perfumissimo_bucket/settings/home/categories/1774742182433_2_Silent_Perfume_Product_Video_Generation-7de58352.mp4\"},{\"title\":\"Exclusivos / Nicho\",\"subtitle\":\"Oud, arabes, raros.\",\"emotion\":\"Fragancias unicas\",\"link\":\"/catalog?category=arabe\",\"mediaType\":\"video\",\"mediaUrl\":\"https://zivdglmfkvlmylbspjqs.supabase.co/storage/v1/object/public/perfumissimo_bucket/settings/home/categories/1774745107001_3_Luxury_Perfume_Product_Video_Generation-053e63bc.mp4\"},{\"title\":\"Ofertas\",\"subtitle\":\"Descuentos activos hoy.\",\"emotion\":\"Compra inteligente\",\"link\":\"/catalog?promo=true\",\"mediaType\":\"image\",\"mediaUrl\":\"\"}]',0.00,'Perfumero de lujo (5ml)',NULL,4);
INSERT INTO `detalleordenes` (`id`, `orden_id`, `producto_id`, `cantidad`, `precio_unitario`, `nombre_producto`, `imagen_url`, `subtotal_snapshot`) VALUES (UNHEX(REPLACE('1b9776bb-6da2-4d54-9a11-f4edf268dd56', '-', '')),UNHEX(REPLACE('1b5dea20-db3f-44e2-9f78-e07f6532180c', '-', '')),UNHEX(REPLACE('076fb970-9be6-43ba-8d01-cf00a40b485f', '-', '')),1,380000.00,'Lujo & Aroma - Nuit Mystique','https://zivdglmfkvlmylbspjqs.supabase.co/storage/v1/object/public/perfumissimo_bucket/products/perfume_luxury_women_rose_gold_1774726838631.png',380000.00);
INSERT INTO `detalleordenes` (`id`, `orden_id`, `producto_id`, `cantidad`, `precio_unitario`, `nombre_producto`, `imagen_url`, `subtotal_snapshot`) VALUES (UNHEX(REPLACE('1cf4d4c0-c581-409e-bdbb-a4f77fdc978a', '-', '')),UNHEX(REPLACE('e46988f7-7ce7-4551-a766-576503b71f85', '-', '')),UNHEX(REPLACE('076fb970-9be6-43ba-8d01-cf00a40b485f', '-', '')),1,380000.00,'Lujo & Aroma - Nuit Mystique','https://zivdglmfkvlmylbspjqs.supabase.co/storage/v1/object/public/perfumissimo_bucket/products/perfume_luxury_women_rose_gold_1774726838631.png',380000.00);
INSERT INTO `detalleordenes` (`id`, `orden_id`, `producto_id`, `cantidad`, `precio_unitario`, `nombre_producto`, `imagen_url`, `subtotal_snapshot`) VALUES (UNHEX(REPLACE('1d91ece3-861f-40f4-8a18-97f02db92369', '-', '')),UNHEX(REPLACE('cb5d7fac-d537-441b-84db-e81d810c3d90', '-', '')),UNHEX(REPLACE('5583347a-3e1c-4703-b347-e4c397e06456', '-', '')),1,310000.00,'Lujo & Aroma - Rayo de Sol','https://zivdglmfkvlmylbspjqs.supabase.co/storage/v1/object/public/perfumissimo_bucket/products/perfume_luxury_men_gold_1774726820075.png',310000.00);
INSERT INTO `detalleordenes` (`id`, `orden_id`, `producto_id`, `cantidad`, `precio_unitario`, `nombre_producto`, `imagen_url`, `subtotal_snapshot`) VALUES (UNHEX(REPLACE('34596061-781f-4664-93a6-e5362139363a', '-', '')),UNHEX(REPLACE('f0eb6ce3-9a06-484c-8ae1-da049eec7b4f', '-', '')),UNHEX(REPLACE('5583347a-3e1c-4703-b347-e4c397e06456', '-', '')),1,310000.00,'Lujo & Aroma - Rayo de Sol','https://zivdglmfkvlmylbspjqs.supabase.co/storage/v1/object/public/perfumissimo_bucket/products/perfume_luxury_men_gold_1774726820075.png',310000.00);
INSERT INTO `detalleordenes` (`id`, `orden_id`, `producto_id`, `cantidad`, `precio_unitario`, `nombre_producto`, `imagen_url`, `subtotal_snapshot`) VALUES (UNHEX(REPLACE('3e41b884-a909-41c2-b02c-5e0676d3c9bc', '-', '')),UNHEX(REPLACE('0d89be21-1e66-4da5-8bed-b120316dd2ce', '-', '')),UNHEX(REPLACE('5583347a-3e1c-4703-b347-e4c397e06456', '-', '')),1,310000.00,'Lujo & Aroma - Rayo de Sol','https://zivdglmfkvlmylbspjqs.supabase.co/storage/v1/object/public/perfumissimo_bucket/products/perfume_luxury_men_gold_1774726820075.png',310000.00);
INSERT INTO `detalleordenes` (`id`, `orden_id`, `producto_id`, `cantidad`, `precio_unitario`, `nombre_producto`, `imagen_url`, `subtotal_snapshot`) VALUES (UNHEX(REPLACE('48cd1700-cff4-4421-a27e-acc5020ab62a', '-', '')),UNHEX(REPLACE('f0eb6ce3-9a06-484c-8ae1-da049eec7b4f', '-', '')),UNHEX(REPLACE('100035db-54ea-41cd-98f2-6725bb0b6475', '-', '')),1,375000.00,'Lujo & Aroma - Luna Plateada','https://zivdglmfkvlmylbspjqs.supabase.co/storage/v1/object/public/perfumissimo_bucket/products/perfume_luxury_women_rose_gold_1774726838631.png',375000.00);
INSERT INTO `detalleordenes` (`id`, `orden_id`, `producto_id`, `cantidad`, `precio_unitario`, `nombre_producto`, `imagen_url`, `subtotal_snapshot`) VALUES (UNHEX(REPLACE('4e4ef6dc-8153-4a62-b9e6-45059c12eb7e', '-', '')),UNHEX(REPLACE('80a352ea-ca07-4505-b171-4ecb8cbf2ab8', '-', '')),UNHEX(REPLACE('100035db-54ea-41cd-98f2-6725bb0b6475', '-', '')),1,375000.00,'Lujo & Aroma - Luna Plateada','https://zivdglmfkvlmylbspjqs.supabase.co/storage/v1/object/public/perfumissimo_bucket/products/perfume_luxury_women_rose_gold_1774726838631.png',375000.00);
INSERT INTO `detalleordenes` (`id`, `orden_id`, `producto_id`, `cantidad`, `precio_unitario`, `nombre_producto`, `imagen_url`, `subtotal_snapshot`) VALUES (UNHEX(REPLACE('4e50ddf6-4d99-4e03-8ed0-a754434dd2ac', '-', '')),UNHEX(REPLACE('b7817e85-a76c-4921-87aa-6e0602e74afe', '-', '')),UNHEX(REPLACE('076fb970-9be6-43ba-8d01-cf00a40b485f', '-', '')),1,380000.00,'Lujo & Aroma - Nuit Mystique','https://zivdglmfkvlmylbspjqs.supabase.co/storage/v1/object/public/perfumissimo_bucket/products/perfume_luxury_women_rose_gold_1774726838631.png',380000.00);
INSERT INTO `detalleordenes` (`id`, `orden_id`, `producto_id`, `cantidad`, `precio_unitario`, `nombre_producto`, `imagen_url`, `subtotal_snapshot`) VALUES (UNHEX(REPLACE('4f9c9b5a-1b01-4e00-b6cb-88eafde2d350', '-', '')),UNHEX(REPLACE('93863549-b250-4724-9165-42a3c111512c', '-', '')),UNHEX(REPLACE('100035db-54ea-41cd-98f2-6725bb0b6475', '-', '')),1,375000.00,'Lujo & Aroma - Luna Plateada','https://zivdglmfkvlmylbspjqs.supabase.co/storage/v1/object/public/perfumissimo_bucket/products/perfume_luxury_women_rose_gold_1774726838631.png',375000.00);
INSERT INTO `detalleordenes` (`id`, `orden_id`, `producto_id`, `cantidad`, `precio_unitario`, `nombre_producto`, `imagen_url`, `subtotal_snapshot`) VALUES (UNHEX(REPLACE('6f5c4807-2a44-471c-b1f1-2aeacbac287b', '-', '')),UNHEX(REPLACE('1b5dea20-db3f-44e2-9f78-e07f6532180c', '-', '')),UNHEX(REPLACE('100035db-54ea-41cd-98f2-6725bb0b6475', '-', '')),1,375000.00,'Lujo & Aroma - Luna Plateada','https://zivdglmfkvlmylbspjqs.supabase.co/storage/v1/object/public/perfumissimo_bucket/products/perfume_luxury_women_rose_gold_1774726838631.png',375000.00);
INSERT INTO `detalleordenes` (`id`, `orden_id`, `producto_id`, `cantidad`, `precio_unitario`, `nombre_producto`, `imagen_url`, `subtotal_snapshot`) VALUES (UNHEX(REPLACE('755301af-d65c-4358-8181-f1ee2051a161', '-', '')),UNHEX(REPLACE('25c72efb-a37d-4634-98fe-c896eb6c3483', '-', '')),UNHEX(REPLACE('100035db-54ea-41cd-98f2-6725bb0b6475', '-', '')),1,375000.00,'Lujo & Aroma - Luna Plateada','https://zivdglmfkvlmylbspjqs.supabase.co/storage/v1/object/public/perfumissimo_bucket/products/perfume_luxury_women_rose_gold_1774726838631.png',375000.00);
INSERT INTO `detalleordenes` (`id`, `orden_id`, `producto_id`, `cantidad`, `precio_unitario`, `nombre_producto`, `imagen_url`, `subtotal_snapshot`) VALUES (UNHEX(REPLACE('8f09fe57-b985-4bf9-bce9-87126b197116', '-', '')),UNHEX(REPLACE('f9986a2b-111c-4483-b219-0ca6889ce9c8', '-', '')),UNHEX(REPLACE('6d395d6f-c4b1-4eaf-a56f-9735f5ec99cf', '-', '')),1,460000.00,'Lujo & Aroma - Cuero Imperial','https://zivdglmfkvlmylbspjqs.supabase.co/storage/v1/object/public/perfumissimo_bucket/products/perfume_luxury_men_gold_1774726820075.png',460000.00);
INSERT INTO `detalleordenes` (`id`, `orden_id`, `producto_id`, `cantidad`, `precio_unitario`, `nombre_producto`, `imagen_url`, `subtotal_snapshot`) VALUES (UNHEX(REPLACE('8f37e7b1-adc9-4c2d-9065-c2ff6e1155f4', '-', '')),UNHEX(REPLACE('d7b6966a-eeeb-410b-819d-d7d9a33f4818', '-', '')),UNHEX(REPLACE('076fb970-9be6-43ba-8d01-cf00a40b485f', '-', '')),1,380000.00,'Lujo & Aroma - Nuit Mystique','https://zivdglmfkvlmylbspjqs.supabase.co/storage/v1/object/public/perfumissimo_bucket/products/perfume_luxury_women_rose_gold_1774726838631.png',380000.00);
INSERT INTO `detalleordenes` (`id`, `orden_id`, `producto_id`, `cantidad`, `precio_unitario`, `nombre_producto`, `imagen_url`, `subtotal_snapshot`) VALUES (UNHEX(REPLACE('91f28406-880e-40c2-af7c-3f98d1ab7ef6', '-', '')),UNHEX(REPLACE('93863549-b250-4724-9165-42a3c111512c', '-', '')),UNHEX(REPLACE('076fb970-9be6-43ba-8d01-cf00a40b485f', '-', '')),1,380000.00,'Lujo & Aroma - Nuit Mystique','https://zivdglmfkvlmylbspjqs.supabase.co/storage/v1/object/public/perfumissimo_bucket/products/perfume_luxury_women_rose_gold_1774726838631.png',380000.00);
INSERT INTO `detalleordenes` (`id`, `orden_id`, `producto_id`, `cantidad`, `precio_unitario`, `nombre_producto`, `imagen_url`, `subtotal_snapshot`) VALUES (UNHEX(REPLACE('935a04e2-44a4-4d1c-9cc9-b42abe78cf73', '-', '')),UNHEX(REPLACE('d7b6966a-eeeb-410b-819d-d7d9a33f4818', '-', '')),UNHEX(REPLACE('100035db-54ea-41cd-98f2-6725bb0b6475', '-', '')),1,375000.00,'Lujo & Aroma - Luna Plateada','https://zivdglmfkvlmylbspjqs.supabase.co/storage/v1/object/public/perfumissimo_bucket/products/perfume_luxury_women_rose_gold_1774726838631.png',375000.00);
INSERT INTO `detalleordenes` (`id`, `orden_id`, `producto_id`, `cantidad`, `precio_unitario`, `nombre_producto`, `imagen_url`, `subtotal_snapshot`) VALUES (UNHEX(REPLACE('9a76b78e-4050-4293-9801-634afa9da780', '-', '')),UNHEX(REPLACE('b7817e85-a76c-4921-87aa-6e0602e74afe', '-', '')),UNHEX(REPLACE('100035db-54ea-41cd-98f2-6725bb0b6475', '-', '')),1,375000.00,'Lujo & Aroma - Luna Plateada','https://zivdglmfkvlmylbspjqs.supabase.co/storage/v1/object/public/perfumissimo_bucket/products/perfume_luxury_women_rose_gold_1774726838631.png',375000.00);
INSERT INTO `detalleordenes` (`id`, `orden_id`, `producto_id`, `cantidad`, `precio_unitario`, `nombre_producto`, `imagen_url`, `subtotal_snapshot`) VALUES (UNHEX(REPLACE('ac7fa0db-5c42-4215-ab70-74c3076419f8', '-', '')),UNHEX(REPLACE('8a191906-e27e-4f7a-a5a3-b352080a6b94', '-', '')),UNHEX(REPLACE('076fb970-9be6-43ba-8d01-cf00a40b485f', '-', '')),1,380000.00,'Lujo & Aroma - Nuit Mystique','https://zivdglmfkvlmylbspjqs.supabase.co/storage/v1/object/public/perfumissimo_bucket/products/perfume_luxury_women_rose_gold_1774726838631.png',380000.00);
INSERT INTO `detalleordenes` (`id`, `orden_id`, `producto_id`, `cantidad`, `precio_unitario`, `nombre_producto`, `imagen_url`, `subtotal_snapshot`) VALUES (UNHEX(REPLACE('ada2e744-19a9-420f-b461-a9866fd2fa24', '-', '')),UNHEX(REPLACE('818cfb52-34a7-45b3-8633-9d2cf57db459', '-', '')),UNHEX(REPLACE('076fb970-9be6-43ba-8d01-cf00a40b485f', '-', '')),1,380000.00,'Lujo & Aroma - Nuit Mystique','https://zivdglmfkvlmylbspjqs.supabase.co/storage/v1/object/public/perfumissimo_bucket/products/perfume_luxury_women_rose_gold_1774726838631.png',380000.00);
INSERT INTO `detalleordenes` (`id`, `orden_id`, `producto_id`, `cantidad`, `precio_unitario`, `nombre_producto`, `imagen_url`, `subtotal_snapshot`) VALUES (UNHEX(REPLACE('b25c3730-225e-4c65-aadf-57c17a7c4883', '-', '')),UNHEX(REPLACE('25c72efb-a37d-4634-98fe-c896eb6c3483', '-', '')),UNHEX(REPLACE('076fb970-9be6-43ba-8d01-cf00a40b485f', '-', '')),1,380000.00,'Lujo & Aroma - Nuit Mystique','https://zivdglmfkvlmylbspjqs.supabase.co/storage/v1/object/public/perfumissimo_bucket/products/perfume_luxury_women_rose_gold_1774726838631.png',380000.00);
INSERT INTO `detalleordenes` (`id`, `orden_id`, `producto_id`, `cantidad`, `precio_unitario`, `nombre_producto`, `imagen_url`, `subtotal_snapshot`) VALUES (UNHEX(REPLACE('b32ffbcb-aeae-49a9-89ba-acafe34ba201', '-', '')),UNHEX(REPLACE('818cfb52-34a7-45b3-8633-9d2cf57db459', '-', '')),UNHEX(REPLACE('100035db-54ea-41cd-98f2-6725bb0b6475', '-', '')),1,375000.00,'Lujo & Aroma - Luna Plateada','https://zivdglmfkvlmylbspjqs.supabase.co/storage/v1/object/public/perfumissimo_bucket/products/perfume_luxury_women_rose_gold_1774726838631.png',375000.00);
INSERT INTO `detalleordenes` (`id`, `orden_id`, `producto_id`, `cantidad`, `precio_unitario`, `nombre_producto`, `imagen_url`, `subtotal_snapshot`) VALUES (UNHEX(REPLACE('da2d39a3-c8a8-4f70-8504-3e21a7ea25ba', '-', '')),UNHEX(REPLACE('655bfc5b-17be-4971-b34b-2b1b28677a66', '-', '')),UNHEX(REPLACE('100035db-54ea-41cd-98f2-6725bb0b6475', '-', '')),1,375000.00,'Lujo & Aroma - Luna Plateada','https://zivdglmfkvlmylbspjqs.supabase.co/storage/v1/object/public/perfumissimo_bucket/products/perfume_luxury_women_rose_gold_1774726838631.png',375000.00);
INSERT INTO `detalleordenes` (`id`, `orden_id`, `producto_id`, `cantidad`, `precio_unitario`, `nombre_producto`, `imagen_url`, `subtotal_snapshot`) VALUES (UNHEX(REPLACE('db9a289f-491c-4c86-aeab-81b0de803d08', '-', '')),UNHEX(REPLACE('cb5d7fac-d537-441b-84db-e81d810c3d90', '-', '')),UNHEX(REPLACE('5604eeb0-4fb1-46dd-a5a7-a42836795499', '-', '')),1,550000.00,'Lujo & Aroma - Magnate','https://zivdglmfkvlmylbspjqs.supabase.co/storage/v1/object/public/perfumissimo_bucket/products/perfume_luxury_men_gold_1774726820075.png',550000.00);
INSERT INTO `detalleordenes` (`id`, `orden_id`, `producto_id`, `cantidad`, `precio_unitario`, `nombre_producto`, `imagen_url`, `subtotal_snapshot`) VALUES (UNHEX(REPLACE('f0961f41-0fdf-4bb4-a03f-28046b33c56e', '-', '')),UNHEX(REPLACE('80a352ea-ca07-4505-b171-4ecb8cbf2ab8', '-', '')),UNHEX(REPLACE('076fb970-9be6-43ba-8d01-cf00a40b485f', '-', '')),1,380000.00,'Lujo & Aroma - Nuit Mystique','https://zivdglmfkvlmylbspjqs.supabase.co/storage/v1/object/public/perfumissimo_bucket/products/perfume_luxury_women_rose_gold_1774726838631.png',380000.00);
INSERT INTO `detalleordenes` (`id`, `orden_id`, `producto_id`, `cantidad`, `precio_unitario`, `nombre_producto`, `imagen_url`, `subtotal_snapshot`) VALUES (UNHEX(REPLACE('f563c714-6c32-4479-8a88-17f8e9f859c8', '-', '')),UNHEX(REPLACE('655bfc5b-17be-4971-b34b-2b1b28677a66', '-', '')),UNHEX(REPLACE('5583347a-3e1c-4703-b347-e4c397e06456', '-', '')),1,310000.00,'Lujo & Aroma - Rayo de Sol','https://zivdglmfkvlmylbspjqs.supabase.co/storage/v1/object/public/perfumissimo_bucket/products/perfume_luxury_men_gold_1774726820075.png',310000.00);
INSERT INTO `historial_pedido` VALUES (UNHEX(REPLACE('07d977d1-06f8-4a0d-a96a-a4055e1a1b98', '-', '')),UNHEX(REPLACE('cb5d7fac-d537-441b-84db-e81d810c3d90', '-', '')),NULL,'PAGADO',NULL,'Pedido creado. Pago en verificacion.','2026-03-30 21:32:36');
INSERT INTO `historial_pedido` VALUES (UNHEX(REPLACE('205b8f18-dd23-4451-8341-2855ba9eb82a', '-', '')),UNHEX(REPLACE('e46988f7-7ce7-4551-a766-576503b71f85', '-', '')),NULL,'PAGADO',NULL,'Pedido creado. Pago en verificacion.','2026-03-30 21:51:43');
INSERT INTO `historial_pedido` VALUES (UNHEX(REPLACE('310efa18-ee41-4dd1-a6aa-d2207c323614', '-', '')),UNHEX(REPLACE('93863549-b250-4724-9165-42a3c111512c', '-', '')),NULL,'PAGADO',NULL,'Pedido creado. Pago en verificacion.','2026-03-30 21:06:13');
INSERT INTO `historial_pedido` VALUES (UNHEX(REPLACE('561ce228-af02-491f-8229-bcb0a7db690e', '-', '')),UNHEX(REPLACE('f0eb6ce3-9a06-484c-8ae1-da049eec7b4f', '-', '')),'PAGADO','CANCELADO',NULL,'Pedido cancelado','2026-03-29 23:27:42');
INSERT INTO `historial_pedido` VALUES (UNHEX(REPLACE('597bf730-923a-4d94-8ca7-3c8105fec1c8', '-', '')),UNHEX(REPLACE('f0eb6ce3-9a06-484c-8ae1-da049eec7b4f', '-', '')),NULL,'PAGADO',NULL,'Pedido creado. Pago en verificacion.','2026-03-29 23:27:42');
INSERT INTO `historial_pedido` VALUES (UNHEX(REPLACE('76cd64a6-be31-4a09-a2e7-79b918a1c186', '-', '')),UNHEX(REPLACE('80a352ea-ca07-4505-b171-4ecb8cbf2ab8', '-', '')),NULL,'PAGADO',NULL,'Pedido creado. Pago en verificacion.','2026-03-30 21:06:22');
INSERT INTO `historial_pedido` VALUES (UNHEX(REPLACE('8acaa646-42c7-481a-acbf-1cac824dda08', '-', '')),UNHEX(REPLACE('1b5dea20-db3f-44e2-9f78-e07f6532180c', '-', '')),'PAGADO','CANCELADO',NULL,'Pedido cancelado','2026-03-30 21:11:51');
INSERT INTO `historial_pedido` VALUES (UNHEX(REPLACE('9e3fd740-3d14-4cd1-8ec1-9c545a0be395', '-', '')),UNHEX(REPLACE('818cfb52-34a7-45b3-8633-9d2cf57db459', '-', '')),NULL,'PAGADO',NULL,'Pedido creado. Pago en verificacion.','2026-03-30 21:31:40');
INSERT INTO `historial_pedido` VALUES (UNHEX(REPLACE('a1cd6e5d-1220-4657-a404-3a1cf04422d5', '-', '')),UNHEX(REPLACE('655bfc5b-17be-4971-b34b-2b1b28677a66', '-', '')),NULL,'PAGADO',NULL,'Pedido creado. Pago en verificacion.','2026-03-30 00:02:59');
INSERT INTO `historial_pedido` VALUES (UNHEX(REPLACE('a5a4af18-14c9-49be-a8ae-df81f8b750f3', '-', '')),UNHEX(REPLACE('b7817e85-a76c-4921-87aa-6e0602e74afe', '-', '')),'PAGADO','CANCELADO',NULL,'Pedido cancelado','2026-03-30 21:07:09');
INSERT INTO `historial_pedido` VALUES (UNHEX(REPLACE('bcce0ab4-a788-4bf2-b538-bf9b0a615356', '-', '')),UNHEX(REPLACE('93863549-b250-4724-9165-42a3c111512c', '-', '')),'PAGADO','CANCELADO',NULL,'Pedido cancelado','2026-03-30 21:06:13');
INSERT INTO `historial_pedido` VALUES (UNHEX(REPLACE('bf4b7275-ee90-4f66-ab11-61235ae366b9', '-', '')),UNHEX(REPLACE('d7b6966a-eeeb-410b-819d-d7d9a33f4818', '-', '')),'PAGADO','CANCELADO',NULL,'Pedido cancelado','2026-03-30 21:02:28');
INSERT INTO `historial_pedido` VALUES (UNHEX(REPLACE('c5103e19-ba5f-42d6-bdb0-cb10d313bb0f', '-', '')),UNHEX(REPLACE('655bfc5b-17be-4971-b34b-2b1b28677a66', '-', '')),'PAGADO','CANCELADO',NULL,'Pedido cancelado','2026-03-30 00:02:59');
INSERT INTO `historial_pedido` VALUES (UNHEX(REPLACE('c5f2e23e-fbce-4926-bfbd-09bd284dff62', '-', '')),UNHEX(REPLACE('25c72efb-a37d-4634-98fe-c896eb6c3483', '-', '')),NULL,'PAGADO',NULL,'Pedido creado. Pago en verificacion.','2026-03-30 21:15:00');
INSERT INTO `historial_pedido` VALUES (UNHEX(REPLACE('c8d7cfe2-41ef-40a7-8922-9a2c7b74e283', '-', '')),UNHEX(REPLACE('d7b6966a-eeeb-410b-819d-d7d9a33f4818', '-', '')),NULL,'PAGADO',NULL,'Pedido creado. Pago en verificacion.','2026-03-30 21:02:28');
INSERT INTO `historial_pedido` VALUES (UNHEX(REPLACE('c975e537-8026-4e96-932c-da59ef6a7c69', '-', '')),UNHEX(REPLACE('1b5dea20-db3f-44e2-9f78-e07f6532180c', '-', '')),NULL,'PAGADO',NULL,'Pedido creado. Pago en verificacion.','2026-03-30 21:11:51');
INSERT INTO `historial_pedido` VALUES (UNHEX(REPLACE('ce851870-c2f0-46d9-96c6-4f2fce92f60f', '-', '')),UNHEX(REPLACE('8a191906-e27e-4f7a-a5a3-b352080a6b94', '-', '')),NULL,'PAGADO',NULL,'Pedido creado. Pago en verificacion.','2026-03-30 21:43:00');
INSERT INTO `historial_pedido` VALUES (UNHEX(REPLACE('e2e28a91-41bb-490b-afd6-f63e2ac41390', '-', '')),UNHEX(REPLACE('f9986a2b-111c-4483-b219-0ca6889ce9c8', '-', '')),NULL,'PAGADO',NULL,'Pedido creado. Pago en verificacion.','2026-03-31 04:57:07');
INSERT INTO `historial_pedido` VALUES (UNHEX(REPLACE('e681a642-8e04-437d-9bbf-a6a48c3ddfe1', '-', '')),UNHEX(REPLACE('80a352ea-ca07-4505-b171-4ecb8cbf2ab8', '-', '')),'PAGADO','CANCELADO',NULL,'Pedido cancelado','2026-03-30 21:06:22');
INSERT INTO `historial_pedido` VALUES (UNHEX(REPLACE('e7ab56a5-1aa2-4c5a-8b69-06d2ae09416b', '-', '')),UNHEX(REPLACE('b7817e85-a76c-4921-87aa-6e0602e74afe', '-', '')),NULL,'PAGADO',NULL,'Pedido creado. Pago en verificacion.','2026-03-30 21:07:09');
INSERT INTO `historial_pedido` VALUES (UNHEX(REPLACE('f01a0b3d-9ef6-4f96-8bdb-91347a018524', '-', '')),UNHEX(REPLACE('0d89be21-1e66-4da5-8bed-b120316dd2ce', '-', '')),NULL,'PAGADO',NULL,'Pedido creado. Pago en verificacion.','2026-03-31 04:44:01');
INSERT INTO `historial_pedido` VALUES (UNHEX(REPLACE('f3f0acc8-49e1-4a2b-bd80-58836f74d80f', '-', '')),UNHEX(REPLACE('25c72efb-a37d-4634-98fe-c896eb6c3483', '-', '')),'PAGADO','CANCELADO',NULL,'Pedido cancelado','2026-03-30 21:15:00');
INSERT INTO `ordenes` VALUES (UNHEX(REPLACE('0d89be21-1e66-4da5-8bed-b120316dd2ce', '-', '')),UNHEX(REPLACE('46d9dda6-2ac5-11f1-bde3-66b3d677306e', '-', '')),310000.00,'PAGADO','tunja, tunja','12056212-1774932242-53278','2026-03-31 04:44:01','2026-03-31 04:44:02',310000.00,0,0.00,0,0.00,0,0,0.00,'3105133401','Super Admin','WOMPI_NEQUI','Wompi','PENDIENTE',NULL,0,0.00);
INSERT INTO `ordenes` VALUES (UNHEX(REPLACE('1b5dea20-db3f-44e2-9f78-e07f6532180c', '-', '')),UNHEX(REPLACE('432d12e6-e056-4e90-a989-323fd4d92516', '-', '')),641750.00,'CANCELADO','Tunja, tunja',NULL,'2026-03-30 21:11:51','2026-03-30 21:11:51',755000.00,0,0.00,0,0.00,1,15,113250.00,'3105133401','Jhon Jairo Parra Parra','WOMPI_NEQUI','Wompi','PENDIENTE',NULL,0,0.00);
INSERT INTO `ordenes` VALUES (UNHEX(REPLACE('25c72efb-a37d-4634-98fe-c896eb6c3483', '-', '')),UNHEX(REPLACE('432d12e6-e056-4e90-a989-323fd4d92516', '-', '')),641750.00,'CANCELADO','Tunja, tunja',NULL,'2026-03-30 21:15:00','2026-03-30 21:15:00',755000.00,0,0.00,0,0.00,1,15,113250.00,'3105133401','Jhon Jairo Parra Parra','WOMPI_NEQUI','Wompi','PENDIENTE',NULL,0,0.00);
INSERT INTO `ordenes` VALUES (UNHEX(REPLACE('655bfc5b-17be-4971-b34b-2b1b28677a66', '-', '')),UNHEX(REPLACE('46d9dda6-2ac5-11f1-bde3-66b3d677306e', '-', '')),582250.00,'CANCELADO','tunja, bckxcbxc',NULL,'2026-03-30 00:02:59','2026-03-30 00:02:59',685000.00,0,0.00,0,0.00,1,15,102750.00,'3105133401','Super Admin','WOMPI_NEQUI','Wompi','PENDIENTE',NULL,0,0.00);
INSERT INTO `ordenes` VALUES (UNHEX(REPLACE('80a352ea-ca07-4505-b171-4ecb8cbf2ab8', '-', '')),UNHEX(REPLACE('432d12e6-e056-4e90-a989-323fd4d92516', '-', '')),641750.00,'CANCELADO','Tunja, tunja',NULL,'2026-03-30 21:06:22','2026-03-30 21:06:22',755000.00,0,0.00,0,0.00,1,15,113250.00,'3105133401','Jhon Jairo Parra Parra','WOMPI_NEQUI','Wompi','PENDIENTE',NULL,0,0.00);
INSERT INTO `ordenes` VALUES (UNHEX(REPLACE('818cfb52-34a7-45b3-8633-9d2cf57db459', '-', '')),UNHEX(REPLACE('432d12e6-e056-4e90-a989-323fd4d92516', '-', '')),641750.00,'PAGADO','Tunja, tunja','12056212-1774906300-98607','2026-03-30 21:31:40','2026-03-30 21:31:40',755000.00,0,0.00,0,0.00,1,15,113250.00,'3105133401','Jhon Jairo Parra Parra','WOMPI_NEQUI','Wompi','PENDIENTE',NULL,0,0.00);
INSERT INTO `ordenes` VALUES (UNHEX(REPLACE('8a191906-e27e-4f7a-a5a3-b352080a6b94', '-', '')),UNHEX(REPLACE('432d12e6-e056-4e90-a989-323fd4d92516', '-', '')),380000.00,'PAGADO','Tunja, tunja','12056212-1774906981-82093','2026-03-30 21:43:00','2026-03-30 21:43:01',380000.00,0,0.00,0,0.00,0,0,0.00,'3105133401','Jhon Jairo Parra Parra','WOMPI_PSE','Wompi','PENDIENTE',NULL,0,0.00);
INSERT INTO `ordenes` VALUES (UNHEX(REPLACE('93863549-b250-4724-9165-42a3c111512c', '-', '')),UNHEX(REPLACE('432d12e6-e056-4e90-a989-323fd4d92516', '-', '')),641750.00,'CANCELADO','Tunja, tunja',NULL,'2026-03-30 21:06:13','2026-03-30 21:06:13',755000.00,0,0.00,0,0.00,1,15,113250.00,'3105133401','Jhon Jairo Parra Parra','WOMPI_NEQUI','Wompi','PENDIENTE',NULL,0,0.00);
INSERT INTO `ordenes` VALUES (UNHEX(REPLACE('b7817e85-a76c-4921-87aa-6e0602e74afe', '-', '')),UNHEX(REPLACE('432d12e6-e056-4e90-a989-323fd4d92516', '-', '')),641750.00,'CANCELADO','Tunja, tunja',NULL,'2026-03-30 21:07:09','2026-03-30 21:07:09',755000.00,0,0.00,0,0.00,1,15,113250.00,'3105133401','Jhon Jairo Parra Parra','WOMPI_NEQUI','Wompi','PENDIENTE',NULL,0,0.00);
INSERT INTO `ordenes` VALUES (UNHEX(REPLACE('cb5d7fac-d537-441b-84db-e81d810c3d90', '-', '')),UNHEX(REPLACE('432d12e6-e056-4e90-a989-323fd4d92516', '-', '')),860000.00,'PAGADO','Tunja, tunja','12056212-1774906356-43652','2026-03-30 21:32:36','2026-03-30 21:32:36',860000.00,0,0.00,0,0.00,0,0,0.00,'3105133401','Jhon Jairo Parra Parra','WOMPI_PSE','Wompi','PENDIENTE',NULL,0,0.00);
INSERT INTO `ordenes` VALUES (UNHEX(REPLACE('d7b6966a-eeeb-410b-819d-d7d9a33f4818', '-', '')),UNHEX(REPLACE('432d12e6-e056-4e90-a989-323fd4d92516', '-', '')),641750.00,'CANCELADO','Tunja, tunja',NULL,'2026-03-30 21:02:28','2026-03-30 21:02:28',755000.00,0,0.00,0,0.00,1,15,113250.00,'3105133401','Jhon Jairo Parra Parra','WOMPI_NEQUI','Wompi','PENDIENTE',NULL,0,0.00);
INSERT INTO `ordenes` VALUES (UNHEX(REPLACE('e46988f7-7ce7-4551-a766-576503b71f85', '-', '')),UNHEX(REPLACE('432d12e6-e056-4e90-a989-323fd4d92516', '-', '')),380000.00,'PAGADO','Tunja, tunja','12056212-1774907504-66541','2026-03-30 21:51:43','2026-03-30 21:51:44',380000.00,0,0.00,0,0.00,0,0,0.00,'3105133401','Jhon Jairo Parra Parra','WOMPI_PSE','Wompi','PENDIENTE',NULL,0,0.00);
INSERT INTO `ordenes` VALUES (UNHEX(REPLACE('f0eb6ce3-9a06-484c-8ae1-da049eec7b4f', '-', '')),UNHEX(REPLACE('46d9dda6-2ac5-11f1-bde3-66b3d677306e', '-', '')),582250.00,'CANCELADO','tunja, bckxcbxc',NULL,'2026-03-29 23:27:42','2026-03-29 23:27:42',685000.00,0,0.00,0,0.00,1,15,102750.00,'3105133401','Super Admin','WOMPI_NEQUI','Wompi','PENDIENTE',NULL,0,0.00);
INSERT INTO `ordenes` VALUES (UNHEX(REPLACE('f9986a2b-111c-4483-b219-0ca6889ce9c8', '-', '')),UNHEX(REPLACE('46d9dda6-2ac5-11f1-bde3-66b3d677306e', '-', '')),460000.00,'PAGADO','tunja, tunja','12056212-1774933027-22876','2026-03-31 04:57:07','2026-03-31 04:57:07',460000.00,0,0.00,0,0.00,0,0,0.00,'3105133401','Super Admin','WOMPI_NEQUI','Wompi','PENDIENTE',NULL,0,0.00);
INSERT INTO `productos` VALUES (UNHEX(REPLACE('076fb970-9be6-43ba-8d01-cf00a40b485f', '-', '')),'Lujo & Aroma - Nuit Mystique','mujer','Lujo & Aroma','Sofisticada mezcla de ámbar y vainilla para noches inolvidables.','Vainilla, Ámbar, Pachulí, Rosa',380000.00,42,0,'https://zivdglmfkvlmylbspjqs.supabase.co/storage/v1/object/public/perfumissimo_bucket/products/perfume_luxury_women_rose_gold_1774726838631.png',NULL,NULL,NULL,'2026-03-28 20:34:21','2026-03-31 00:37:38',1,NULL);
INSERT INTO `productos` VALUES (UNHEX(REPLACE('100035db-54ea-41cd-98f2-6725bb0b6475', '-', '')),'Lujo & Aroma - Luna Plateada','mujer',NULL,'Clásica elegancia chipre con un giro moderno.','Musgo de roble, Rosa, Bergamota, Lichi',375000.00,27,0,'https://zivdglmfkvlmylbspjqs.supabase.co/storage/v1/object/public/perfumissimo_bucket/products/perfume_luxury_women_rose_gold_1774726838631.png',NULL,NULL,NULL,'2026-03-28 20:34:21','2026-03-30 21:31:40',1,NULL);
INSERT INTO `productos` VALUES (UNHEX(REPLACE('5583347a-3e1c-4703-b347-e4c397e06456', '-', '')),'Lujo & Aroma - Rayo de Sol','hombre',NULL,'Luminosa y energética con toques marinos.','Toronja, Lima, Agua de mar, Cedro',310000.00,68,0,'https://zivdglmfkvlmylbspjqs.supabase.co/storage/v1/object/public/perfumissimo_bucket/products/perfume_luxury_men_gold_1774726820075.png',NULL,NULL,NULL,'2026-03-28 20:34:21','2026-03-31 04:44:01',1,NULL);
INSERT INTO `productos` VALUES (UNHEX(REPLACE('5604eeb0-4fb1-46dd-a5a7-a42836795499', '-', '')),'Lujo & Aroma - Magnate','hombre',NULL,'Opulencia con notas de tabaco y miel.','Tabaco, Miel, Vainilla, Cacao',550000.00,11,0,'https://zivdglmfkvlmylbspjqs.supabase.co/storage/v1/object/public/perfumissimo_bucket/products/perfume_luxury_men_gold_1774726820075.png',NULL,NULL,NULL,'2026-03-28 20:34:21','2026-03-30 21:32:36',1,NULL);
INSERT INTO `productos` VALUES (UNHEX(REPLACE('6072b867-45a8-4271-b740-7fcf08d042bc', '-', '')),'Lujo & Aroma - Dulce Tentación','mujer',NULL,'Fragancia gourmand irresistiblemente dulce.','Caramelo, Pera, Orquídea, Praliné',330000.00,42,0,'https://zivdglmfkvlmylbspjqs.supabase.co/storage/v1/object/public/perfumissimo_bucket/products/perfume_luxury_women_rose_gold_1774726838631.png',NULL,NULL,NULL,'2026-03-28 20:34:21','2026-03-28 20:34:21',1,NULL);
INSERT INTO `productos` VALUES (UNHEX(REPLACE('6d395d6f-c4b1-4eaf-a56f-9735f5ec99cf', '-', '')),'Lujo & Aroma - Cuero Imperial','hombre',NULL,'Lujo aristocrático con notas de cuero fino.','Gamuza, Ámbar, Notas amaderadas, Tomillo',460000.00,19,0,'https://zivdglmfkvlmylbspjqs.supabase.co/storage/v1/object/public/perfumissimo_bucket/products/perfume_luxury_men_gold_1774726820075.png',NULL,NULL,NULL,'2026-03-28 20:34:21','2026-03-31 04:57:07',1,NULL);
INSERT INTO `productos` VALUES (UNHEX(REPLACE('7f0d94b1-3f9c-40ac-9514-e6393ec5a874', '-', '')),'Lujo & Aroma - Terciopelo Rosa','mujer',NULL,'Elegancia floral con toques frutales contemporáneos.','Rosa, Peonía, Frambuesa, Almizcle',350000.00,30,0,'https://zivdglmfkvlmylbspjqs.supabase.co/storage/v1/object/public/perfumissimo_bucket/products/perfume_luxury_women_rose_gold_1774726838631.png',NULL,NULL,NULL,'2026-03-28 20:34:21','2026-03-28 20:34:21',1,NULL);
INSERT INTO `productos` VALUES (UNHEX(REPLACE('8fe8fa17-a4be-4a45-86d4-282128a1f457', '-', '')),'Lujo & Aroma - Océano Infinito','hombre',NULL,'Frescura cítrica y aromática inspirada en el mar.','Bergamota, Notas marinas, Romero, Salvia',320000.00,60,0,'https://zivdglmfkvlmylbspjqs.supabase.co/storage/v1/object/public/perfumissimo_bucket/products/perfume_luxury_men_gold_1774726820075.png',NULL,NULL,NULL,'2026-03-28 20:34:21','2026-03-28 20:34:21',1,NULL);
INSERT INTO `productos` VALUES (UNHEX(REPLACE('96156055-bcc2-48c0-85c8-65f33d623cc7', '-', '')),'Lujo & Aroma - Aura Zen','mujer','chanel','Serenidad en una botella con té verde y madera.','Té verde, Bambú, Madera de Guayaco, Bergamota',300000.00,100,0,'https://zivdglmfkvlmylbspjqs.supabase.co/storage/v1/object/public/perfumissimo_bucket/products/perfume_luxury_unisex_oud_mystery_1774726854519.png',NULL,NULL,NULL,'2026-03-28 20:34:21','2026-03-31 00:45:02',1,NULL);
INSERT INTO `productos` VALUES (UNHEX(REPLACE('9a898c53-2c9b-4970-b2e2-a9db5c9fef02', '-', '')),'Lujo & Aroma - Esencia Real','unisex',NULL,'La máxima expresión del lujo con Oud genuino.','Oud, Rosa de Damasco, Azafrán, Pachulí',600000.00,8,0,'https://zivdglmfkvlmylbspjqs.supabase.co/storage/v1/object/public/perfumissimo_bucket/products/perfume_luxury_unisex_oud_mystery_1774726854519.png',NULL,NULL,NULL,'2026-03-28 20:34:21','2026-03-28 20:34:21',1,NULL);
INSERT INTO `productos` VALUES (UNHEX(REPLACE('9c292ef3-54c4-4cca-aed7-485c80a92a24', '-', '')),'Lujo & Aroma - Bosque Sagrado','hombre','buton','Poderosa fragancia amaderada con especias exóticas.','Sándalo, Cardamomo, Vetiver, Pimienta negra',410000.00,25,0,'https://zivdglmfkvlmylbspjqs.supabase.co/storage/v1/object/public/perfumissimo_bucket/products/perfume_luxury_men_gold_1774726820075.png',NULL,NULL,NULL,'2026-03-28 20:34:21','2026-03-31 04:49:32',1,NULL);
INSERT INTO `productos` VALUES (UNHEX(REPLACE('b0bbc632-475f-4676-b626-5b19b14397ac', '-', '')),'Lujo & Aroma - Viento del Desierto','hombre',NULL,'Especias cálidas y maderas secas.','Comino, Cedro del Atlas, Sándalo, Clavo',430000.00,32,0,'https://zivdglmfkvlmylbspjqs.supabase.co/storage/v1/object/public/perfumissimo_bucket/products/perfume_luxury_men_gold_1774726820075.png',NULL,NULL,NULL,'2026-03-28 20:34:21','2026-03-28 20:34:21',1,NULL);
INSERT INTO `productos` VALUES (UNHEX(REPLACE('b6a63fa2-64ef-4f14-929e-fae1d7e6679c', '-', '')),'Lujo & Aroma - Tempestad Azul','hombre',NULL,'Dinámica y moderna con lavanda y geranio.','Lavanda, Geranio, Pimienta, Vetiver',395000.00,38,0,'https://zivdglmfkvlmylbspjqs.supabase.co/storage/v1/object/public/perfumissimo_bucket/products/perfume_luxury_men_gold_1774726820075.png',NULL,NULL,NULL,'2026-03-28 20:34:21','2026-03-28 20:34:21',1,NULL);
INSERT INTO `productos` VALUES (UNHEX(REPLACE('bbf75fda-beb4-47d0-b28d-c3d5573b6145', '-', '')),'Lujo & Aroma - Brisa de Amalfi','unisex',NULL,'Explosión de cítricos italianos y flores blancas.','Limón de Amalfi, Azahar, Neroli, Mandarina',390000.00,40,0,'https://zivdglmfkvlmylbspjqs.supabase.co/storage/v1/object/public/perfumissimo_bucket/products/perfume_luxury_unisex_oud_mystery_1774726854519.png',NULL,NULL,NULL,'2026-03-28 20:34:21','2026-03-28 20:34:21',1,NULL);
INSERT INTO `productos` VALUES (UNHEX(REPLACE('bc1c8a19-e58b-49eb-9dc2-7789f6bf7c14', '-', '')),'Lujo & Aroma - Seda Blanca','mujer',NULL,'Delicada y polvosa, como el roce de la seda.','Iris, Almizcle blanco, Arroz, Vainilla',360000.00,55,0,'https://zivdglmfkvlmylbspjqs.supabase.co/storage/v1/object/public/perfumissimo_bucket/products/perfume_luxury_women_rose_gold_1774726838631.png',NULL,NULL,NULL,'2026-03-28 20:34:21','2026-03-28 20:34:21',1,NULL);
INSERT INTO `productos` VALUES (UNHEX(REPLACE('be40e6ff-8f66-49c0-8615-a0cf11936cb4', '-', '')),'Lujo & Aroma - Elixir de Oro','unisex',NULL,'Fragancia oriental floral con notas de jazmín y azafrán.','Jazmín, Azafrán, Cedro, Ámbar gris',450000.00,50,0,'https://zivdglmfkvlmylbspjqs.supabase.co/storage/v1/object/public/perfumissimo_bucket/products/perfume_luxury_unisex_oud_mystery_1774726854519.png',NULL,NULL,NULL,'2026-03-28 20:34:21','2026-03-28 20:34:21',1,NULL);
INSERT INTO `productos` VALUES (UNHEX(REPLACE('c7e700cc-bab3-4590-9e57-38775e138624', '-', '')),'Lujo & Aroma - Fuego Árabe','unisex',NULL,'Cálida y envolvente con ámbar y maderas preciosas.','Ámbar, Canela, Sándalo, Incienso',520000.00,10,0,'https://zivdglmfkvlmylbspjqs.supabase.co/storage/v1/object/public/perfumissimo_bucket/products/perfume_luxury_unisex_oud_mystery_1774726854519.png',NULL,NULL,NULL,'2026-03-28 20:34:21','2026-03-28 20:34:21',1,NULL);
INSERT INTO `productos` VALUES (UNHEX(REPLACE('cbd493b0-6158-4e4d-ad45-fceb2e4c64c1', '-', '')),'Lujo & Aroma - Diamante Negro','hombre',NULL,'Intensa fragancia de cuero y notas ahumadas.','Cuero, Incienso, Tabaco, Haba Tonka',480000.00,15,0,'https://zivdglmfkvlmylbspjqs.supabase.co/storage/v1/object/public/perfumissimo_bucket/products/perfume_luxury_men_gold_1774726820075.png',NULL,NULL,NULL,'2026-03-28 20:34:21','2026-03-28 20:34:21',1,NULL);
INSERT INTO `productos` VALUES (UNHEX(REPLACE('d68be15c-e097-426f-bcf8-1f96163bc323', '-', '')),'Lujo & Aroma - Jardín de Versalles','mujer',NULL,'Un bouquet real de flores blancas y verdes.','Tuberosa, Jazmín, Gardenia, Hojas verdes',340000.00,35,0,'https://zivdglmfkvlmylbspjqs.supabase.co/storage/v1/object/public/perfumissimo_bucket/products/perfume_luxury_women_rose_gold_1774726838631.png',NULL,NULL,NULL,'2026-03-28 20:34:21','2026-03-28 20:34:21',1,NULL);
INSERT INTO `productos` VALUES (UNHEX(REPLACE('f663a426-6c8c-4ca6-bdde-e8f1464bb5c8', '-', '')),'Lujo & Aroma - Rocío de Mañana','mujer',NULL,'Frescura acuática y floral para el día a día.','Loto, Melón, Freesia, Cedro',290000.00,80,0,'https://zivdglmfkvlmylbspjqs.supabase.co/storage/v1/object/public/perfumissimo_bucket/products/perfume_luxury_women_rose_gold_1774726838631.png',NULL,NULL,NULL,'2026-03-28 20:34:21','2026-03-28 20:34:21',1,NULL);
INSERT INTO `productviewevents` VALUES (1,UNHEX(REPLACE('46d9dda6-2ac5-11f1-bde3-66b3d677306e', '-', '')),'mnb0liz0-dayj4non',UNHEX(REPLACE('076fb970-9be6-43ba-8d01-cf00a40b485f', '-', '')),'2026-03-29 23:56:14');
INSERT INTO `productviewevents` VALUES (2,UNHEX(REPLACE('46d9dda6-2ac5-11f1-bde3-66b3d677306e', '-', '')),'mnb0liz0-dayj4non',UNHEX(REPLACE('076fb970-9be6-43ba-8d01-cf00a40b485f', '-', '')),'2026-03-29 23:56:56');
INSERT INTO `productviewevents` VALUES (3,UNHEX(REPLACE('46d9dda6-2ac5-11f1-bde3-66b3d677306e', '-', '')),'mnb0liz0-dayj4non',UNHEX(REPLACE('076fb970-9be6-43ba-8d01-cf00a40b485f', '-', '')),'2026-03-29 23:57:16');
INSERT INTO `productviewevents` VALUES (4,UNHEX(REPLACE('46d9dda6-2ac5-11f1-bde3-66b3d677306e', '-', '')),'mnb0liz0-dayj4non',UNHEX(REPLACE('076fb970-9be6-43ba-8d01-cf00a40b485f', '-', '')),'2026-03-29 23:57:39');
INSERT INTO `productviewevents` VALUES (5,UNHEX(REPLACE('46d9dda6-2ac5-11f1-bde3-66b3d677306e', '-', '')),'mnb0liz0-dayj4non',UNHEX(REPLACE('100035db-54ea-41cd-98f2-6725bb0b6475', '-', '')),'2026-03-30 00:21:22');
INSERT INTO `productviewevents` VALUES (6,UNHEX(REPLACE('46d9dda6-2ac5-11f1-bde3-66b3d677306e', '-', '')),'mnb0liz0-dayj4non',UNHEX(REPLACE('076fb970-9be6-43ba-8d01-cf00a40b485f', '-', '')),'2026-03-30 00:56:56');
INSERT INTO `productviewevents` VALUES (7,UNHEX(REPLACE('46d9dda6-2ac5-11f1-bde3-66b3d677306e', '-', '')),'mnb0liz0-dayj4non',UNHEX(REPLACE('076fb970-9be6-43ba-8d01-cf00a40b485f', '-', '')),'2026-03-30 00:58:40');
INSERT INTO `productviewevents` VALUES (8,UNHEX(REPLACE('46d9dda6-2ac5-11f1-bde3-66b3d677306e', '-', '')),'mnb0liz0-dayj4non',UNHEX(REPLACE('076fb970-9be6-43ba-8d01-cf00a40b485f', '-', '')),'2026-03-30 01:00:15');
INSERT INTO `productviewevents` VALUES (9,UNHEX(REPLACE('46d9dda6-2ac5-11f1-bde3-66b3d677306e', '-', '')),'mnb0liz0-dayj4non',UNHEX(REPLACE('076fb970-9be6-43ba-8d01-cf00a40b485f', '-', '')),'2026-03-30 01:02:34');
INSERT INTO `productviewevents` VALUES (10,UNHEX(REPLACE('46d9dda6-2ac5-11f1-bde3-66b3d677306e', '-', '')),'mnb0liz0-dayj4non',UNHEX(REPLACE('076fb970-9be6-43ba-8d01-cf00a40b485f', '-', '')),'2026-03-30 01:02:52');
INSERT INTO `productviewevents` VALUES (11,UNHEX(REPLACE('46d9dda6-2ac5-11f1-bde3-66b3d677306e', '-', '')),'mnb0liz0-dayj4non',UNHEX(REPLACE('076fb970-9be6-43ba-8d01-cf00a40b485f', '-', '')),'2026-03-30 01:06:17');
INSERT INTO `productviewevents` VALUES (12,UNHEX(REPLACE('46d9dda6-2ac5-11f1-bde3-66b3d677306e', '-', '')),'mnb0liz0-dayj4non',UNHEX(REPLACE('076fb970-9be6-43ba-8d01-cf00a40b485f', '-', '')),'2026-03-30 01:06:57');
INSERT INTO `productviewevents` VALUES (13,UNHEX(REPLACE('46d9dda6-2ac5-11f1-bde3-66b3d677306e', '-', '')),'mnb0liz0-dayj4non',UNHEX(REPLACE('5583347a-3e1c-4703-b347-e4c397e06456', '-', '')),'2026-03-30 01:42:55');
INSERT INTO `productviewevents` VALUES (14,NULL,'mndjva8o-oldpciyd',UNHEX(REPLACE('076fb970-9be6-43ba-8d01-cf00a40b485f', '-', '')),'2026-03-30 18:57:16');
INSERT INTO `productviewevents` VALUES (15,NULL,'mndjva8o-oldpciyd',UNHEX(REPLACE('076fb970-9be6-43ba-8d01-cf00a40b485f', '-', '')),'2026-03-30 19:00:48');
INSERT INTO `productviewevents` VALUES (16,UNHEX(REPLACE('46d9dda6-2ac5-11f1-bde3-66b3d677306e', '-', '')),'mndjva8o-oldpciyd',UNHEX(REPLACE('100035db-54ea-41cd-98f2-6725bb0b6475', '-', '')),'2026-03-30 22:41:24');
INSERT INTO `productviewevents` VALUES (17,UNHEX(REPLACE('46d9dda6-2ac5-11f1-bde3-66b3d677306e', '-', '')),'mne4qnli-994srygt',UNHEX(REPLACE('6d395d6f-c4b1-4eaf-a56f-9735f5ec99cf', '-', '')),'2026-03-31 04:41:32');
INSERT INTO `productviewevents` VALUES (18,UNHEX(REPLACE('46d9dda6-2ac5-11f1-bde3-66b3d677306e', '-', '')),'mndjva8o-oldpciyd',UNHEX(REPLACE('100035db-54ea-41cd-98f2-6725bb0b6475', '-', '')),'2026-03-31 16:48:24');
INSERT INTO `productviewevents` VALUES (19,UNHEX(REPLACE('46d9dda6-2ac5-11f1-bde3-66b3d677306e', '-', '')),'mndjva8o-oldpciyd',UNHEX(REPLACE('100035db-54ea-41cd-98f2-6725bb0b6475', '-', '')),'2026-03-31 16:52:53');
INSERT INTO `productviewevents` VALUES (20,UNHEX(REPLACE('46d9dda6-2ac5-11f1-bde3-66b3d677306e', '-', '')),'mndjva8o-oldpciyd',UNHEX(REPLACE('8fe8fa17-a4be-4a45-86d4-282128a1f457', '-', '')),'2026-03-31 18:12:15');
INSERT INTO `promociones` VALUES (UNHEX(REPLACE('61f3d92c-5d01-4d8b-b66c-069e313eb5db', '-', '')),'Lujo & Aroma Noir','',10.00,'2026-03-29 09:46:00','2026-03-31 09:46:00',1,'2026-03-29 21:25:20','SPECIFIC','ALL',NULL,'https://xzbvgzvgpfsbybsqtbuu.supabase.co/storage/v1/object/public/perfumissimo_bucket/promotions/Dior-123Products_UltaBeauty-b251ed04.jpeg',NULL,'PERCENT',NULL,10);
INSERT INTO `promociones` VALUES (UNHEX(REPLACE('e1ef241b-8f5b-43c4-9c56-e87f4b59c9f6', '-', '')),'Día de la mujer','',10.00,'2026-03-16 05:41:00','2026-03-31 05:42:00',1,'2026-03-29 21:25:20','GLOBAL','ALL',NULL,'https://xzbvgzvgpfsbybsqtbuu.supabase.co/storage/v1/object/public/perfumissimo_bucket/promotions/Gemini_Generated_Image_876psi876psi876p-056a1538.png',NULL,'PERCENT',NULL,5);
INSERT INTO `promocionproductos` VALUES (UNHEX(REPLACE('61f3d92c-5d01-4d8b-b66c-069e313eb5db', '-', '')),UNHEX(REPLACE('076fb970-9be6-43ba-8d01-cf00a40b485f', '-', '')));
INSERT INTO `recomendacioneventos` VALUES (1,NULL,'sess_ccxr1vvqi0u_mnb0s8vh','view_recommender','{\"tab\":\"quiz\"}','Mozilla/5.0 (Macintosh; Intel Mac OS X 10_15_7) AppleWebKit/537.36 (KHTML, like Gecko) Chrome/146.0.0.0 Safari/537.36','2026-03-29 00:27:29');
INSERT INTO `recomendacioneventos` VALUES (2,NULL,'sess_ccxr1vvqi0u_mnb0s8vh','switch_tab','{\"tab\":\"quiz\"}','Mozilla/5.0 (Macintosh; Intel Mac OS X 10_15_7) AppleWebKit/537.36 (KHTML, like Gecko) Chrome/146.0.0.0 Safari/537.36','2026-03-29 00:27:36');
INSERT INTO `recomendacioneventos` VALUES (3,NULL,'sess_ccxr1vvqi0u_mnb0s8vh','switch_tab','{\"tab\":\"free\"}','Mozilla/5.0 (Macintosh; Intel Mac OS X 10_15_7) AppleWebKit/537.36 (KHTML, like Gecko) Chrome/146.0.0.0 Safari/537.36','2026-03-29 00:27:37');
INSERT INTO `recomendacioneventos` VALUES (4,NULL,'sess_ccxr1vvqi0u_mnb0s8vh','switch_tab','{\"tab\":\"quiz\"}','Mozilla/5.0 (Macintosh; Intel Mac OS X 10_15_7) AppleWebKit/537.36 (KHTML, like Gecko) Chrome/146.0.0.0 Safari/537.36','2026-03-29 00:27:40');
INSERT INTO `recomendacioneventos` VALUES (5,NULL,'sess_7w2bsf2lohg_mne4w9bh','view_recommender','{\"tab\":\"quiz\"}','Mozilla/5.0 (Macintosh; Intel Mac OS X 10_15_7) AppleWebKit/537.36 (KHTML, like Gecko) Chrome/146.0.0.0 Safari/537.36','2026-03-31 04:45:53');
INSERT INTO `recomendacioneventos` VALUES (6,NULL,'sess_7w2bsf2lohg_mne4w9bh','switch_tab','{\"tab\":\"quiz\"}','Mozilla/5.0 (Macintosh; Intel Mac OS X 10_15_7) AppleWebKit/537.36 (KHTML, like Gecko) Chrome/146.0.0.0 Safari/537.36','2026-03-31 04:45:57');
INSERT INTO `recomendacioneventos` VALUES (7,NULL,'sess_7w2bsf2lohg_mne4w9bh','quiz_submit_ui','{\"answers\":{\"for_who\":\"hombre\",\"aroma\":\"dulce\",\"occasion\":\"trabajo\",\"intensity\":\"moderada\",\"climate\":\"templado\"}}','Mozilla/5.0 (Macintosh; Intel Mac OS X 10_15_7) AppleWebKit/537.36 (KHTML, like Gecko) Chrome/146.0.0.0 Safari/537.36','2026-03-31 04:46:08');
INSERT INTO `recomendacioneventos` VALUES (8,NULL,'sess_7w2bsf2lohg_mne4w9bh','quiz_submit','{\"answers\":{\"for_who\":\"hombre\",\"aroma\":\"dulce\",\"occasion\":\"trabajo\",\"intensity\":\"moderada\",\"climate\":\"templado\"},\"tokens\":[\"vainilla\",\"ambar\",\"caramelo\",\"gourmand\",\"tonka\",\"equilibrado\",\"versatil\",\"elegante\",\"limpio\",\"no invasivo\",\"templado\"],\"candidates\":12}','Mozilla/5.0 (Macintosh; Intel Mac OS X 10_15_7) AppleWebKit/537.36 (KHTML, like Gecko) Chrome/146.0.0.0 Safari/537.36','2026-03-31 04:46:08');
INSERT INTO `recomendacioneventos` VALUES (9,NULL,'sess_7w2bsf2lohg_mne4w9bh','quiz_restart',NULL,'Mozilla/5.0 (Macintosh; Intel Mac OS X 10_15_7) AppleWebKit/537.36 (KHTML, like Gecko) Chrome/146.0.0.0 Safari/537.36','2026-03-31 04:46:19');
INSERT INTO `schema_migrations` VALUES (1,'20260319_settings_smtp_config_mysql.sql','2026-03-31 18:29:59');
INSERT INTO `schema_migrations` VALUES (2,'20260328_settings_home_premium_mysql.sql','2026-03-31 18:29:59');
INSERT INTO `schema_migrations` VALUES (3,'20260330_promotions_fab_clicks_mysql.sql','2026-03-31 18:29:59');
INSERT INTO `schema_migrations` VALUES (4,'20260329_fix_orders_schema.sql','2026-03-31 18:29:59');
INSERT INTO `schema_migrations` VALUES (5,'05_create_email_tables.sql','2026-03-31 18:29:59');
INSERT INTO `schema_migrations` VALUES (6,'add_product_indexes.sql','2026-03-31 18:29:59');
INSERT INTO `usuarios` VALUES (UNHEX(REPLACE('432d12e6-e056-4e90-a989-323fd4d92516', '-', '')),'Jhon','Jairo Parra Parra',NULL,'jhonjairoparraparra39@gmail.com','$2b$10$7mLVzRxhbg1m5Mw2PLW.b.6K3QbGEOoPrG4hZa/M6uW1pC4XIelqS','CUSTOMER','2026-03-30 20:50:45','2026-03-30 20:50:45','https://lh3.googleusercontent.com/a/ACg8ocLT5m5vCXeEwxx6R30aPiDFD6R6iSVBK8uJaKFMA3Et8dqF4h20=s96-c',NULL,UNHEX(REPLACE('951db331-24cb-4219-825a-24b05caa9c22', '-', '')));
INSERT INTO `usuarios` VALUES (UNHEX(REPLACE('46d9dda6-2ac5-11f1-bde3-66b3d677306e', '-', '')),'Super','Admin',NULL,'admin@lujoaroma.com','$2b$10$VukN/.C4jfJH8atDA3wUbeok29AQRAnAIO7TR0os9Zao794KIA7nK','SUPERADMIN','2026-03-28 16:43:41','2026-03-28 16:43:41',NULL,NULL,NULL);
INSERT INTO `usuarios` VALUES (UNHEX(REPLACE('f6f7e8a9-b0c1-4d2e-8f3a-4b5c6d7e8f9a', '-', '')),'Admin','Lujo & Aroma',NULL,'admin@lujo_aroma.com','$2b$10$mnX9cssrpnFN/xoiICcjLu2PTAO5EsqLRFmuSlKJOjU6BBy2IAdzO','SUPERADMIN','2026-03-28 16:43:02','2026-03-28 16:43:02',NULL,NULL,NULL);

SET FOREIGN_KEY_CHECKS = 1;
